code_inat|code_ISO|Noms_pays
"BD"|"BGD"|"Bangladesh"
"BE"|"BEL"|"Belgium"
"BF"|"BFA"|"BurkinaFaso"
"BG"|"BGR"|"Bulgaria"
"BA"|"BIH"|"BosniaandHerzegovina"
"BB"|"BRB"|"Barbados"
"WF"|"WLF"|"WallisandFutuna"
"BL"|"BLM"|"SaintBarthelemy"
"BM"|"BMU"|"Bermuda"
"BN"|"BRN"|"Brunei"
"BO"|"BOL"|"Bolivia"
"BH"|"BHR"|"Bahrain"
"BI"|"BDI"|"Burundi"
"BJ"|"BEN"|"Benin"
"BT"|"BTN"|"Bhutan"
"JM"|"JAM"|"Jamaica"
"BV"|"BVT"|"BouvetIsland"
"BW"|"BWA"|"Botswana"
"WS"|"WSM"|"Samoa"
"BQ"|"BES"|"Bonaire SaintEustatiusandSaba"
"BR"|"BRA"|"Brazil"
"BS"|"BHS"|"Bahamas"
"JE"|"JEY"|"Jersey"
"BY"|"BLR"|"Belarus"
"BZ"|"BLZ"|"Belize"
"RU"|"RUS"|"Russia"
"RW"|"RWA"|"Rwanda"
"RS"|"SRB"|"Serbia"
"TL"|"TLS"|"EastTimor"
"RE"|"REU"|"Reunion"
"TM"|"TKM"|"Turkmenistan"
"TJ"|"TJK"|"Tajikistan"
"RO"|"ROU"|"Romania"
"TK"|"TKL"|"Tokelau"
"GW"|"GNB"|"Guinea-Bissau"
"GU"|"GUM"|"Guam"
"GT"|"GTM"|"Guatemala"
"GS"|"SGS"|"SouthGeorgiaandtheSouthSandwichIslands"
"GR"|"GRC"|"Greece"
"GQ"|"GNQ"|"EquatorialGuinea"
"GP"|"GLP"|"Guadeloupe"
"JP"|"JPN"|"Japan"
"GY"|"GUY"|"Guyana"
"GG"|"GGY"|"Guernsey"
"GF"|"GUF"|"FrenchGuiana"
"GE"|"GEO"|"Georgia"
"GD"|"GRD"|"Grenada"
"GB"|"GBR"|"UnitedKingdom"
"GA"|"GAB"|"Gabon"
"SV"|"SLV"|"ElSalvador"
"GN"|"GIN"|"Guinea"
"GM"|"GMB"|"Gambia"
"GL"|"GRL"|"Greenland"
"GI"|"GIB"|"Gibraltar"
"GH"|"GHA"|"Ghana"
"OM"|"OMN"|"Oman"
"TN"|"TUN"|"Tunisia"
"JO"|"JOR"|"Jordan"
"HR"|"HRV"|"Croatia"
"HT"|"HTI"|"Haiti"
"HU"|"HUN"|"Hungary"
"HK"|"HKG"|"HongKong"
"HN"|"HND"|"Honduras"
"HM"|"HMD"|"HeardIslandandMcDonaldIslands"
"VE"|"VEN"|"Venezuela"
"PR"|"PRI"|"PuertoRico"
"PS"|"PSE"|"PalestinianTerritory"
"PW"|"PLW"|"Palau"
"PT"|"PRT"|"Portugal"
"SJ"|"SJM"|"SvalbardandJanMayen"
"PY"|"PRY"|"Paraguay"
"IQ"|"IRQ"|"Iraq"
"PA"|"PAN"|"Panama"
"PF"|"PYF"|"FrenchPolynesia"
"PG"|"PNG"|"PapuaNewGuinea"
"PE"|"PER"|"Peru"
"PK"|"PAK"|"Pakistan"
"PH"|"PHL"|"Philippines"
"PN"|"PCN"|"Pitcairn"
"PL"|"POL"|"Poland"
"PM"|"SPM"|"SaintPierreandMiquelon"
"ZM"|"ZMB"|"Zambia"
"EH"|"ESH"|"WesternSahara"
"EE"|"EST"|"Estonia"
"EG"|"EGY"|"Egypt"
"ZA"|"ZAF"|"SouthAfrica"
"EC"|"ECU"|"Ecuador"
"IT"|"ITA"|"Italy"
"VN"|"VNM"|"Vietnam"
"SB"|"SLB"|"SolomonIslands"
"ET"|"ETH"|"Ethiopia"
"SO"|"SOM"|"Somalia"
"ZW"|"ZWE"|"Zimbabwe"
"SA"|"SAU"|"SaudiArabia"
"ES"|"ESP"|"Spain"
"ER"|"ERI"|"Eritrea"
"ME"|"MNE"|"Montenegro"
"MD"|"MDA"|"Moldova"
"MG"|"MDG"|"Madagascar"
"MF"|"MAF"|"SaintMartin"
"MA"|"MAR"|"Morocco"
"MC"|"MCO"|"Monaco"
"UZ"|"UZB"|"Uzbekistan"
"MM"|"MMR"|"Myanmar"
"ML"|"MLI"|"Mali"
"MO"|"MAC"|"Macao"
"MN"|"MNG"|"Mongolia"
"MH"|"MHL"|"MarshallIslands"
"MK"|"MKD"|"Macedonia"
"MU"|"MUS"|"Mauritius"
"MT"|"MLT"|"Malta"
"MW"|"MWI"|"Malawi"
"MV"|"MDV"|"Maldives"
"MQ"|"MTQ"|"Martinique"
"MP"|"MNP"|"NorthernMarianaIslands"
"MS"|"MSR"|"Montserrat"
"MR"|"MRT"|"Mauritania"
"IM"|"IMN"|"IsleofMan"
"UG"|"UGA"|"Uganda"
"TZ"|"TZA"|"Tanzania"
"MY"|"MYS"|"Malaysia"
"MX"|"MEX"|"Mexico"
"IL"|"ISR"|"Israel"
"FR"|"FRA"|"France"
"IO"|"IOT"|"BritishIndianOceanTerritory"
"SH"|"SHN"|"SaintHelena"
"FI"|"FIN"|"Finland"
"FJ"|"FJI"|"Fiji"
"FK"|"FLK"|"FalklandIslands"
"FM"|"FSM"|"Micronesia"
"FO"|"FRO"|"FaroeIslands"
"NI"|"NIC"|"Nicaragua"
"NL"|"NLD"|"Netherlands"
"NO"|"NOR"|"Norway"
"NA"|"NAM"|"Namibia"
"VU"|"VUT"|"Vanuatu"
"NC"|"NCL"|"NewCaledonia"
"NE"|"NER"|"Niger"
"NF"|"NFK"|"NorfolkIsland"
"NG"|"NGA"|"Nigeria"
"NZ"|"NZL"|"NewZealand"
"NP"|"NPL"|"Nepal"
"NR"|"NRU"|"Nauru"
"NU"|"NIU"|"Niue"
"CK"|"COK"|"CookIslands"
"XK"|"XKX"|"Kosovo"
"CI"|"CIV"|"IvoryCoast"
"CH"|"CHE"|"Switzerland"
"CO"|"COL"|"Colombia"
"CN"|"CHN"|"China"
"CM"|"CMR"|"Cameroon"
"CL"|"CHL"|"Chile"
"CC"|"CCK"|"CocosIslands"
"CA"|"CAN"|"Canada"
"CG"|"COG"|"RepublicoftheCongo"
"CF"|"CAF"|"CentralAfricanRepublic"
"CD"|"COD"|"DemocraticRepublicoftheCongo"
"CZ"|"CZE"|"CzechRepublic"
"CY"|"CYP"|"Cyprus"
"CX"|"CXR"|"ChristmasIsland"
"CR"|"CRI"|"CostaRica"
"CW"|"CUW"|"Curacao"
"CV"|"CPV"|"CapeVerde"
"CU"|"CUB"|"Cuba"
"SZ"|"SWZ"|"Swaziland"
"SY"|"SYR"|"Syria"
"SX"|"SXM"|"SintMaarten"
"KG"|"KGZ"|"Kyrgyzstan"
"KE"|"KEN"|"Kenya"
"SS"|"SSD"|"SouthSudan"
"SR"|"SUR"|"Suriname"
"KI"|"KIR"|"Kiribati"
"KH"|"KHM"|"Cambodia"
"KN"|"KNA"|"SaintKittsandNevis"
"KM"|"COM"|"Comoros"
"ST"|"STP"|"SaoTomeandPrincipe"
"SK"|"SVK"|"Slovakia"
"KR"|"KOR"|"SouthKorea"
"SI"|"SVN"|"Slovenia"
"KP"|"PRK"|"NorthKorea"
"KW"|"KWT"|"Kuwait"
"SN"|"SEN"|"Senegal"
"SM"|"SMR"|"SanMarino"
"SL"|"SLE"|"SierraLeone"
"SC"|"SYC"|"Seychelles"
"KZ"|"KAZ"|"Kazakhstan"
"KY"|"CYM"|"CaymanIslands"
"SG"|"SGP"|"Singapore"
"SE"|"SWE"|"Sweden"
"SD"|"SDN"|"Sudan"
"DO"|"DOM"|"DominicanRepublic"
"DM"|"DMA"|"Dominica"
"DJ"|"DJI"|"Djibouti"
"DK"|"DNK"|"Denmark"
"VG"|"VGB"|"BritishVirginIslands"
"DE"|"DEU"|"Germany"
"YE"|"YEM"|"Yemen"
"DZ"|"DZA"|"Algeria"
"US"|"USA"|"UnitedStates"
"UY"|"URY"|"Uruguay"
"YT"|"MYT"|"Mayotte"
"UM"|"UMI"|"UnitedStatesMinorOutlyingIslands"
"LB"|"LBN"|"Lebanon"
"LC"|"LCA"|"SaintLucia"
"LA"|"LAO"|"Laos"
"TV"|"TUV"|"Tuvalu"
"TW"|"TWN"|"Taiwan"
"TT"|"TTO"|"TrinidadandTobago"
"TR"|"TUR"|"Turkey"
"LK"|"LKA"|"SriLanka"
"LI"|"LIE"|"Liechtenstein"
"LV"|"LVA"|"Latvia"
"TO"|"TON"|"Tonga"
"LT"|"LTU"|"Lithuania"
"LU"|"LUX"|"Luxembourg"
"LR"|"LBR"|"Liberia"
"LS"|"LSO"|"Lesotho"
"TH"|"THA"|"Thailand"
"TF"|"ATF"|"FrenchSouthernTerritories"
"TG"|"TGO"|"Togo"
"TD"|"TCD"|"Chad"
"TC"|"TCA"|"TurksandCaicosIslands"
"LY"|"LBY"|"Libya"
"VA"|"VAT"|"Vatican"
"VC"|"VCT"|"SaintVincentandtheGrenadines"
"AE"|"ARE"|"UnitedArabEmirates"
"AD"|"AND"|"Andorra"
"AG"|"ATG"|"AntiguaandBarbuda"
"AF"|"AFG"|"Afghanistan"
"AI"|"AIA"|"Anguilla"
"VI"|"VIR"|"U.S.VirginIslands"
"IS"|"ISL"|"Iceland"
"IR"|"IRN"|"Iran"
"AM"|"ARM"|"Armenia"
"AL"|"ALB"|"Albania"
"AO"|"AGO"|"Angola"
"AQ"|"ATA"|"Antarctica"
"AS"|"ASM"|"AmericanSamoa"
"AR"|"ARG"|"Argentina"
"AU"|"AUS"|"Australia"
"AT"|"AUT"|"Austria"
"AW"|"ABW"|"Aruba"
"IN"|"IND"|"India"
"AX"|"ALA"|"AlandIslands"
"AZ"|"AZE"|"Azerbaijan"
"IE"|"IRL"|"Ireland"
"ID"|"IDN"|"Indonesia"
"UA"|"UKR"|"Ukraine"
"QA"|"QAT"|"Qatar"
"MZ"|"MOZ"|"Mozambique"